experimento,modelo,dataset,escopo,alvo,esparsidade_alvo,esparsidade_real,cabecas_removidas,neuronios_removidos,perplexity,parametros_total,parametros_nao_zerados,tamanho_mb,flops,tempo_inferencia_ms_media,tempo_inferencia_ms_desvio,energia_kwh,emissoes_kg_co2
estruturada_ambos_global_s00,gpt2,wikitext-2-raw-v1,global,ambos,0.0,0.0,0,0,25.170412063598633,124439808,124439808,474.7001953125,126575443968.0,40.534873962402344,0.2820267975330353,0.0011759634654087147,0.0002569885333346933
estruturada_ambos_global_s10,gpt2,wikitext-2-raw-v1,global,ambos,0.1,0.09904516241342964,14,3686,356.201416015625,116019226,116019226,442.5782241821289,117959294976.0,39.24393844604492,0.48588114976882935,0.0011464542120857048,0.0002505397447844074
estruturada_ambos_global_s20,gpt2,wikitext-2-raw-v1,global,ambos,0.2,0.1980903248268594,28,7372,2102.062744140625,107598644,107598644,410.4562530517578,109343145984.0,36.807899475097656,0.47912323474884033,0.001111648840567086,0.00024293357193818705
estruturada_ambos_global_s30,gpt2,wikitext-2-raw-v1,global,ambos,0.3,0.2994683806647094,43,11059,2413.522705078125,98979725,98979725,377.57768630981445,100524097536.0,33.70067596435547,0.5136292576789856,0.001017093717438372,0.0002222700197727428
estruturada_ambos_global_s40,gpt2,wikitext-2-raw-v1,global,ambos,0.4,0.39851354307813913,57,14745,2434.916015625,90559143,90559143,345.45571517944336,91907948544.0,30.627513885498047,0.4706769585609436,0.0009245649054901384,0.00020204928641389335
estruturada_ambos_global_s50,gpt2,wikitext-2-raw-v1,global,ambos,0.5,0.4998915989159891,72,18432,2402.58349609375,81940224,81940224,312.5771484375,83088900096.0,27.90781021118164,0.432135671377182,0.000839500671780835,0.0001834598205816401
estruturada_ambos_global_s60,gpt2,wikitext-2-raw-v1,global,ambos,0.6,0.5989367613294189,86,22118,2957.2607421875,73519642,73519642,280.4551773071289,74472751104.0,25.453327178955078,0.6610552668571472,0.0007505694252511543,0.00016402527921572656
estruturada_ambos_global_s70,gpt2,wikitext-2-raw-v1,global,ambos,0.7,0.6979819237428486,100,25804,4635.36474609375,65099060,65099060,248.3332061767578,65856602112.0,22.570585250854492,0.9737542867660522,0.000656246164087084,0.00014341239687803008
estruturada_ambos_global_s80,gpt2,wikitext-2-raw-v1,global,ambos,0.8,0.7993599795806986,115,29491,7620.0234375,56480141,56480141,215.45463943481445,57037553664.0,20.399200439453125,0.9415244460105896,0.0005747526976804337,0.0001256032667270978
estruturada_ambos_global_s90,gpt2,wikitext-2-raw-v1,global,ambos,0.9,0.8984051419941282,129,33177,5822.88916015625,48059559,48059559,183.33266830444336,48421404672.0,18.027179718017578,1.001016616821289,0.0004855785395703922,0.00010611564081170361
estruturada_ambos_uniforme_s00,gpt2,wikitext-2-raw-v1,uniforme,ambos,0.0,0.0,0,0,25.170412063598633,124439808,124439808,474.7001953125,126575443968.0,41.99924850463867,0.4741159975528717,0.0012614047945298066,0.00027566040750670655
estruturada_ambos_uniforme_s10,gpt2,wikitext-2-raw-v1,uniforme,ambos,0.1,0.09437937556458897,12,3684,481.1334228515625,116415900,116415900,444.09141540527344,118365093888.0,40.14593505859375,0.6981117725372314,0.001194453598809857,0.00026102926453400047
estruturada_ambos_uniforme_s20,gpt2,wikitext-2-raw-v1,uniforme,ambos,0.2,0.18875875112917795,24,7368,1484.8883056640625,108391992,108391992,413.4826354980469,110154743808.0,36.83414840698242,0.45900824666023254,0.0011122876110532742,0.00024307316529734461
estruturada_ambos_uniforme_s30,gpt2,wikitext-2-raw-v1,uniforme,ambos,0.3,0.2831381266937669,36,11052,5467.5634765625,100368084,100368084,382.8738555908203,101944393728.0,34.455657958984375,0.4499967098236084,0.0010397505315617895,0.0002272213142669048
estruturada_ambos_uniforme_s40,gpt2,wikitext-2-raw-v1,uniforme,ambos,0.4,0.3775175022583559,48,14736,10486.7099609375,92344176,92344176,352.26507568359375,93734043648.0,31.59213638305664,0.34346699714660645,0.0009490920359391792,0.00020740930946428377
estruturada_ambos_uniforme_s50,gpt2,wikitext-2-raw-v1,uniforme,ambos,0.5,0.4998915989159891,72,18432,4573.001953125,81940224,81940224,312.5771484375,83088900096.0,27.266357421875,0.43802693486213684,0.0008290741155290799,0.00018118125880851651
estruturada_ambos_uniforme_s60,gpt2,wikitext-2-raw-v1,uniforme,ambos,0.6,0.5942709744805781,84,22116,5799.76220703125,73916316,73916316,281.96836853027344,74878550016.0,24.740108489990234,0.505440890789032,0.0007455355230358901,0.0001629251981457748
estruturada_ambos_uniforme_s70,gpt2,wikitext-2-raw-v1,uniforme,ambos,0.7,0.6886503500451671,96,25800,12249.58203125,65892408,65892408,251.35958862304688,66668199936.0,22.37857437133789,0.6629893183708191,0.0006831397927171936,0.0001492895813153014
estruturada_ambos_uniforme_s80,gpt2,wikitext-2-raw-v1,uniforme,ambos,0.8,0.783029725609756,108,29484,53313.37890625,57868500,57868500,220.7508087158203,58457849856.0,20.253633499145508,0.3616470992565155,0.0005739924501851477,0.00012543712645613536
estruturada_ambos_uniforme_s90,gpt2,wikitext-2-raw-v1,uniforme,ambos,0.9,0.8774091011743451,120,33168,827316.1875,49844592,49844592,190.14202880859375,50247499776.0,17.82083511352539,0.618911623954773,0.000504847438198741,0.00011032655904439987
estruturada_cabecas_global_s00,gpt2,wikitext-2-raw-v1,global,cabecas,0.0,0.0,0,0,25.170412063598633,124439808,124439808,474.7001953125,126575443968.0,42.08327102661133,0.3196388781070709,0.00126414810412745,0.0002762599151706087
estruturada_cabecas_global_s10,gpt2,wikitext-2-raw-v1,global,cabecas,0.1,0.03240740740740744,14,0,236.9879913330078,121684608,121684608,464.18994140625,123756871680.0,41.232093811035156,0.5121190547943115,0.0012177350728393068,0.0002661170687393961
estruturada_cabecas_global_s20,gpt2,wikitext-2-raw-v1,global,cabecas,0.2,0.06481481481481477,28,0,165.11209106445312,118929408,118929408,453.6796875,120938299392.0,40.2091064453125,0.3753342032432556,0.0011913648391533788,0.00026035426413025426
estruturada_cabecas_global_s30,gpt2,wikitext-2-raw-v1,global,cabecas,0.3,0.09953703703703709,43,0,161.97930908203125,115977408,115977408,442.418701171875,117918400512.0,39.336544036865234,0.34632164239883423,0.0011588794687961768,0.0002532550914701324
estruturada_cabecas_global_s40,gpt2,wikitext-2-raw-v1,global,cabecas,0.4,0.13194444444444442,57,0,324.5395202636719,113222208,113222208,431.908447265625,115099828224.0,38.21051025390625,0.48954829573631287,0.0011333179137828185,0.0002476690110128166
estruturada_cabecas_global_s50,gpt2,wikitext-2-raw-v1,global,cabecas,0.5,0.16666666666666663,72,0,344.295654296875,110270208,110270208,420.6474609375,112079929344.0,37.487281799316406,0.6338408589363098,0.0010920939909580072,0.00023866016356416834
estruturada_cabecas_global_s60,gpt2,wikitext-2-raw-v1,global,cabecas,0.6,0.19907407407407407,86,0,365.39990234375,107515008,107515008,410.13720703125,109261357056.0,36.53546142578125,0.5263660550117493,0.0010631804970124628,0.00023234156896389776
estruturada_cabecas_global_s70,gpt2,wikitext-2-raw-v1,global,cabecas,0.7,0.2314814814814815,100,0,386.4627685546875,104759808,104759808,399.626953125,106442784768.0,35.767906188964844,0.32816481590270996,0.0010339658700259007,0.00022595716641905564
estruturada_cabecas_global_s80,gpt2,wikitext-2-raw-v1,global,cabecas,0.8,0.2662037037037037,115,0,633.2056274414062,101807808,101807808,388.365966796875,103422885888.0,34.80406951904297,0.3070705831050873,0.00099290453070002,0.00021698384906650614
estruturada_cabecas_global_s90,gpt2,wikitext-2-raw-v1,global,cabecas,0.9,0.29861111111111116,129,0,780.6814575195312,99052608,99052608,377.855712890625,100604313600.0,33.95115661621094,0.49740850925445557,0.0009698778328712997,0.00021195172223892033
estruturada_mlp_global_s00,gpt2,wikitext-2-raw-v1,global,mlp,0.0,0.0,0,0,25.170412063598633,124439808,124439808,474.7001953125,126575443968.0,42.13777542114258,0.39702457189559937,0.0012619987405403479,0.00027579020517357197
estruturada_mlp_global_s10,gpt2,wikitext-2-raw-v1,global,mlp,0.1,0.06663775500602231,0,3686,139.16554260253906,118774426,118774426,453.0884780883789,120777867264.0,40.51176834106445,0.4526977837085724,0.0012075517814032896,0.00026389166870985326
estruturada_mlp_global_s20,gpt2,wikitext-2-raw-v1,global,mlp,0.2,0.13327551001204452,0,7372,393.4483642578125,113109044,113109044,431.4767608642578,114980290560.0,38.533241271972656,0.4394432008266449,0.0011510974403352574,0.00025155445013273726
estruturada_mlp_global_s30,gpt2,wikitext-2-raw-v1,global,mlp,0.3,0.1999313436276724,0,11059,985.5608520507812,107442125,107442125,409.85918045043945,109181140992.0,36.52002716064453,0.39618322253227234,0.0011010261914724023,0.00024061215712278453
estruturada_mlp_global_s40,gpt2,wikitext-2-raw-v1,global,mlp,0.4,0.2665690986336947,0,14745,1658.9283447265625,101776743,101776743,388.24746322631836,103383564288.0,34.521644592285156,0.33664682507514954,0.001041901996307512,0.00022769148343949246
estruturada_mlp_global_s50,gpt2,wikitext-2-raw-v1,global,mlp,0.5,0.3332249322493225,0,18432,2954.913818359375,96109824,96109824,366.6298828125,97584414720.0,32.21747589111328,0.3971589505672455,0.0009894137798761781,0.000216220999742659
estruturada_mlp_global_s60,gpt2,wikitext-2-raw-v1,global,mlp,0.6,0.3998626872553448,0,22118,5492.9951171875,90444442,90444442,345.0181655883789,91786838016.0,30.60884666442871,0.4841562509536743,0.0009284514028741651,0.00020289861999602383
estruturada_mlp_global_s70,gpt2,wikitext-2-raw-v1,global,mlp,0.7,0.4665004422613671,0,25804,6819.46044921875,84779060,84779060,323.4064483642578,85989261312.0,28.730525970458984,0.5029855966567993,0.0008738010382681219,0.0001909556324292868
estruturada_mlp_global_s80,gpt2,wikitext-2-raw-v1,global,mlp,0.8,0.5331562758769949,0,29491,5516.00341796875,79112141,79112141,301.78886795043945,80190111744.0,26.941150665283203,0.383566677570343,0.0008203553519564156,0.0001792759085753337
estruturada_mlp_global_s90,gpt2,wikitext-2-raw-v1,global,mlp,0.9,0.5997940308830172,0,33177,3928.044677734375,73446759,73446759,280.17715072631836,74392535040.0,25.106197357177734,0.39456358551979065,0.0007651989902475611,0.0001672223432082244
estruturada_cabecas_uniforme_s00,gpt2,wikitext-2-raw-v1,uniforme,cabecas,0.0,0.0,0,0,25.170412063598633,124439808,124439808,474.7001953125,126575443968.0,49.69445037841797,1.2500240802764893,0.001612218863959674,0.00035232536847522
estruturada_cabecas_uniforme_s10,gpt2,wikitext-2-raw-v1,uniforme,cabecas,0.1,0.02777777777777779,12,0,137.96546936035156,122078208,122078208,465.69140625,124159524864.0,49.97260284423828,1.2040314674377441,0.0015506983732031315,0.00033888102164420723
estruturada_cabecas_uniforme_s20,gpt2,wikitext-2-raw-v1,uniforme,cabecas,0.2,0.05555555555555558,24,0,226.78407287597656,119716608,119716608,456.6826171875,121743605760.0,48.399085998535156,0.9064900875091553,0.0015128816948090642,0.0003306167744954207
estruturada_cabecas_uniforme_s30,gpt2,wikitext-2-raw-v1,uniforme,cabecas,0.3,0.08333333333333337,36,0,252.831298828125,117355008,117355008,447.673828125,119327686656.0,47.21479034423828,1.0896234512329102,0.0014955814309934872,0.00032683607079581794
estruturada_cabecas_uniforme_s40,gpt2,wikitext-2-raw-v1,uniforme,cabecas,0.4,0.11111111111111116,48,0,215.77610778808594,114993408,114993408,438.6650390625,116911767552.0,46.437843322753906,1.0403352975845337,0.0014514471944013434,0.0003171912195183002
estruturada_cabecas_uniforme_s50,gpt2,wikitext-2-raw-v1,uniforme,cabecas,0.5,0.16666666666666663,72,0,373.3163757324219,110270208,110270208,420.6474609375,112079929344.0,43.51799774169922,1.2502084970474243,0.0013854431054831262,0.00030276705201298583
estruturada_cabecas_uniforme_s60,gpt2,wikitext-2-raw-v1,uniforme,cabecas,0.6,0.19444444444444442,84,0,321.7835388183594,107908608,107908608,411.638671875,109664010240.0,43.74925994873047,1.1824091672897339,0.0013494694874813722,0.00029490557705993514
estruturada_cabecas_uniforme_s70,gpt2,wikitext-2-raw-v1,uniforme,cabecas,0.7,0.2222222222222222,96,0,495.9543151855469,105547008,105547008,402.6298828125,107248091136.0,41.916831970214844,1.2300817966461182,0.0013122835386080443,0.0002867791660423156
estruturada_cabecas_uniforme_s80,gpt2,wikitext-2-raw-v1,uniforme,cabecas,0.8,0.25,108,0,631.1771240234375,103185408,103185408,393.62109375,104832172032.0,40.30172348022461,0.49465110898017883,0.001261790640565694,0.00027574472815932247
estruturada_cabecas_uniforme_s90,gpt2,wikitext-2-raw-v1,uniforme,cabecas,0.9,0.2777777777777778,120,0,918.7900390625,100823808,100823808,384.6123046875,102416252928.0,40.62583541870117,0.758675217628479,0.0012374725107244973,0.00027043037894256363
estruturada_mlp_uniforme_s00,gpt2,wikitext-2-raw-v1,uniforme,mlp,0.0,0.0,0,0,25.170412063598633,124439808,124439808,474.7001953125,126575443968.0,49.22412872314453,1.0547194480895996,0.0016158185202468653,0.0003531120173949913
estruturada_mlp_uniforme_s10,gpt2,wikitext-2-raw-v1,uniforme,mlp,0.1,0.06660159778681118,0,3684,200.95645141601562,118777500,118777500,453.10020446777344,120781012992.0,49.479331970214844,0.9852411150932312,0.0015569844450730702,0.00034025474492542377
estruturada_mlp_uniforme_s20,gpt2,wikitext-2-raw-v1,uniforme,mlp,0.2,0.13320319557362237,0,7368,229.65731811523438,113115192,113115192,431.5002136230469,114986582016.0,46.17544937133789,0.8642364740371704,0.0014786549105370533,0.000323137042896982
estruturada_mlp_uniforme_s30,gpt2,wikitext-2-raw-v1,uniforme,mlp,0.3,0.19980479336043355,0,11052,496.0434875488281,107452884,107452884,409.9002227783203,109192151040.0,43.921905517578125,0.9600089192390442,0.0014023948021083274,0.00030647158177210635
estruturada_mlp_uniforme_s40,gpt2,wikitext-2-raw-v1,uniforme,mlp,0.4,0.26640639114724485,0,14736,978.9432373046875,101790576,101790576,388.30023193359375,103397720064.0,40.7905158996582,0.7969122529029846,0.0013253536995616667,0.00028963544652442426
estruturada_mlp_uniforme_s50,gpt2,wikitext-2-raw-v1,uniforme,mlp,0.5,0.3332249322493225,0,18432,1598.5863037109375,96109824,96109824,366.6298828125,97584414720.0,38.68095779418945,1.3422590494155884,0.0012405733586452676,0.0002711080210485416
estruturada_mlp_uniforme_s60,gpt2,wikitext-2-raw-v1,uniforme,mlp,0.6,0.39982653003613366,0,22116,1830.5845947265625,90447516,90447516,345.02989196777344,91789983744.0,35.504371643066406,0.9093626141548157,0.0011615846141872076,0.00025384625893999635
estruturada_mlp_uniforme_s70,gpt2,wikitext-2-raw-v1,uniforme,mlp,0.7,0.46642812782294485,0,25800,2600.877197265625,84785208,84785208,323.4299011230469,85995552768.0,34.3855094909668,0.8273471593856812,0.001117434821592544,0.00024419800813996824
estruturada_mlp_uniforme_s80,gpt2,wikitext-2-raw-v1,uniforme,mlp,0.8,0.533029725609756,0,29484,4081.23388671875,79122900,79122900,301.8299102783203,80201121792.0,32.381752014160156,0.832102358341217,0.00100278916698733,0.00021914398265631953
estruturada_mlp_uniforme_s90,gpt2,wikitext-2-raw-v1,uniforme,mlp,0.9,0.5996313233965673,0,33168,5759.82763671875,73460592,73460592,280.22991943359375,74406690816.0,29.6195125579834,0.842843234539032,0.0009446730242294856,0.000206443603154974
