experimento,modelo,dataset,estrategia,escopo,esparsidade_alvo,esparsidade_real,cabecas_removidas,neuronios_removidos,taxa_sonda,beta,taxas_por_camada,perplexity,parametros_total,parametros_nao_zerados,tamanho_mb,flops,tempo_inferencia_ms_media,tempo_inferencia_ms_desvio,energia_kwh,emissoes_kg_co2
sensibilidade_magnitude_s00,gpt2,wikitext-2-raw-v1,magnitude,sensibilidade,0.0,0.0,0,0,0.5,1.0,0.0000;0.0000;0.0000;0.0000;0.0000;0.0000;0.0000;0.0000;0.0000;0.0000;0.0000;0.0000,25.170412063598633,124439808,124439808,474.7001953125,126575443968.0,46.05155944824219,1.168458342552185,0.001531138650310087,0.00021244521771678063
sensibilidade_magnitude_s10,gpt2,wikitext-2-raw-v1,magnitude,sensibilidade,0.1,0.09999994584071784,0,0,0.5,1.0,0.0167;0.1887;0.0702;0.1507;0.0323;0.0503;0.0887;0.1330;0.1188;0.1068;0.1219;0.1219,25.435619354248047,124439808,115946347,474.7001953125,126575443968.0,47.156070709228516,0.9696293473243713,0.00147227779049549,0.0002042782837975196
sensibilidade_magnitude_s20,gpt2,wikitext-2-raw-v1,magnitude,sensibilidade,0.2,0.19999995055022063,0,0,0.5,1.0,0.0335;0.3774;0.1405;0.3013;0.0645;0.1005;0.1775;0.2661;0.2377;0.2136;0.2437;0.2437,26.787216186523438,124439808,107452881,474.7001953125,126575443968.0,45.86100769042969,1.0552716255187988,0.001472927178565706,0.0002043683862777436
sensibilidade_magnitude_s30,gpt2,wikitext-2-raw-v1,magnitude,sensibilidade,0.3,0.29999990816469546,0,0,0.5,1.0,0.0502;0.5661;0.2107;0.4520;0.0968;0.1508;0.2662;0.3991;0.3565;0.3204;0.3656;0.3656,34.624122619628906,124439808,98959419,474.7001953125,126575443968.0,45.592491149902344,1.1597257852554321,0.0014719636326788706,0.00020423469445586488
sensibilidade_magnitude_s40,gpt2,wikitext-2-raw-v1,magnitude,sensibilidade,0.4,0.39999992464795525,0,0,0.5,1.0,0.0669;0.7548;0.2810;0.6027;0.1290;0.2011;0.3549;0.5321;0.4753;0.4272;0.4875;0.4874,193.83251953125,124439808,90465952,474.7001953125,126575443968.0,45.64603042602539,1.0569794178009033,0.0014586334802369543,0.00020238513815529913
sensibilidade_magnitude_s50,gpt2,wikitext-2-raw-v1,magnitude,sensibilidade,0.5,0.49999994113121504,0,0,0.5,1.0,0.0837;0.9435;0.3512;0.7533;0.1613;0.2513;0.4436;0.6652;0.5941;0.5340;0.6094;0.6093,1026.089599609375,124439808,81972485,474.7001953125,126575443968.0,44.942100524902344,1.2568565607070923,0.0014421390019289098,0.00020009653219883164
sensibilidade_magnitude_s60,gpt2,wikitext-2-raw-v1,magnitude,sensibilidade,0.6,0.5999999811619888,0,0,0.5,1.0,0.1034;0.9500;0.4341;0.9311;0.1994;0.3107;0.5484;0.8222;0.7344;0.6601;0.7532;0.7531,1524.550537109375,124439808,73479016,474.7001953125,126575443968.0,44.35841751098633,1.2978515625,0.0014422521677646628,0.00020011223393858577
sensibilidade_magnitude_s70,gpt2,wikitext-2-raw-v1,magnitude,sensibilidade,0.7,0.6999999387764636,0,0,0.5,1.0,0.1277;0.9500;0.5358;0.9500;0.2461;0.3834;0.6768;0.9500;0.9064;0.8147;0.9296;0.9295,1853.298095703125,124439808,64985554,474.7001953125,126575443968.0,44.477134704589844,1.2750511169433594,0.0014336864362993285,0.00019892374020832307
sensibilidade_magnitude_s80,gpt2,wikitext-2-raw-v1,magnitude,sensibilidade,0.8,0.7999999317122094,0,0,0.5,1.0,0.1975;0.9500;0.8288;0.9500;0.3806;0.5931;0.9500;0.9500;0.9500;0.9500;0.9500;0.9500,2747.563720703125,124439808,56492089,474.7001953125,126575443968.0,43.08843231201172,1.1838537454605103,0.001425255356255084,0.00019775392933899105
sensibilidade_magnitude_s90,gpt2,wikitext-2-raw-v1,magnitude,sensibilidade,0.9,0.8999999246479552,0,0,0.5,1.0,0.4441;0.9500;0.9500;0.9500;0.8559;0.9500;0.9500;0.9500;0.9500;0.9500;0.9500;0.9500,10398.0986328125,124439808,47998624,474.7001953125,126575443968.0,43.293418884277344,1.067704677581787,0.0014268328155081903,0.00019797280153217723
sensibilidade_estruturada_s00,gpt2,wikitext-2-raw-v1,estruturada,sensibilidade,0.0,0.0,0,0,0.5,1.0,0.0000;0.0000;0.0000;0.0000;0.0000;0.0000;0.0000;0.0000;0.0000;0.0000;0.0000;0.0000,25.170412063598633,124439808,124439808,474.7001953125,126575443968.0,46.292938232421875,1.1441506147384644,0.001481123394339229,0.00020550560977093094
sensibilidade_estruturada_s10,gpt2,wikitext-2-raw-v1,estruturada,sensibilidade,0.1,0.09201032492095751,11,3681,0.5,1.0,0.0039;0.1673;0.0915;0.0863;0.0723;0.0936;0.1142;0.1343;0.1290;0.1691;0.1146;0.0238,124.29047393798828,116617311,116617311,444.85973739624023,118571139072.0,43.76029968261719,1.1128607988357544,0.0014306957064731238,0.00019850877697234737
sensibilidade_estruturada_s20,gpt2,wikitext-2-raw-v1,estruturada,sensibilidade,0.2,0.19107356594399272,25,7368,0.5,1.0,0.0079;0.3346;0.1831;0.1725;0.1447;0.1872;0.2284;0.2686;0.2580;0.3382;0.2292;0.0476,371.0654602050781,108195192,108195192,412.7319030761719,109953417216.0,40.221893310546875,0.5860901474952698,0.0013183686519428793,0.00018292341796496443
sensibilidade_estruturada_s30,gpt2,wikitext-2-raw-v1,estruturada,sensibilidade,0.3,0.29008257113821134,39,11052,0.5,1.0,0.0118;0.5018;0.2746;0.2588;0.2170;0.2808;0.3426;0.4029;0.3869;0.5073;0.3438;0.0714,724.525146484375,99777684,99777684,380.6216583251953,101340413952.0,37.18048095703125,1.2136026620864868,0.0012130386706612842,0.0001683089016369094
sensibilidade_estruturada_s40,gpt2,wikitext-2-raw-v1,estruturada,sensibilidade,0.4,0.39146062697606143,54,14739,0.5,1.0,0.0158;0.6691;0.3662;0.3450;0.2894;0.3744;0.4568;0.5372;0.5159;0.6765;0.4584;0.0952,1301.148193359375,91158765,91158765,347.74309158325195,92521365504.0,34.43576431274414,0.7770152688026428,0.0011110047610560926,0.00015415171467269862
sensibilidade_estruturada_s50,gpt2,wikitext-2-raw-v1,estruturada,sensibilidade,0.5,0.48822713179388744,67,18427,0.5,1.0,0.0197;0.8364;0.4577;0.4313;0.3617;0.4681;0.5710;0.6716;0.6449;0.8456;0.5731;0.1190,2327.587890625,82931909,82931909,316.3601264953613,84103397376.0,30.50299644470215,0.556204617023468,0.0009978877211333367,0.00013845674533141734
sensibilidade_estruturada_s60,gpt2,wikitext-2-raw-v1,estruturada,sensibilidade,0.6,0.5849394007828967,80,22112,0.5,1.0,0.0242;0.9500;0.5618;0.5293;0.4440;0.5745;0.7009;0.8243;0.7915;0.9500;0.7034;0.1461,5393.150390625,74709664,74709664,284.9947509765625,75690147840.0,27.925073623657227,1.0045453310012817,0.0008900197866837056,0.00012349008844886114
sensibilidade_estruturada_s70,gpt2,wikitext-2-raw-v1,estruturada,sensibilidade,0.7,0.6862993780111413,95,25798,0.5,1.0,0.0302;0.9500;0.7015;0.6609;0.5544;0.7173;0.8751;0.9500;0.9500;0.9500;0.8782;0.1824,10130.3330078125,66092282,66092282,252.1220474243164,66872672256.0,24.498987197875977,1.155449628829956,0.0007831773263279252,0.00010866571591598604
sensibilidade_estruturada_s80,gpt2,wikitext-2-raw-v1,estruturada,sensibilidade,0.8,0.7900103272734116,111,29486,0.5,1.0,0.0423;0.9500;0.9500;0.9257;0.7765;0.9500;0.9500;0.9500;0.9500;0.9500;0.9500;0.2555,8891.7685546875,57275026,57275026,218.48688507080078,57850724352.0,20.795482635498047,1.689995527267456,0.0006750540211286408,9.366362638694965e-05
sensibilidade_estruturada_s90,gpt2,wikitext-2-raw-v1,estruturada,sensibilidade,0.9,0.8890735682964468,125,33173,0.5,1.0,0.3500;0.9500;0.9500;0.9500;0.9500;0.9500;0.9500;0.9500;0.9500;0.9500;0.9500;0.9500,5353.84521484375,48852907,48852907,186.35905075073242,49233002496.0,19.418956756591797,1.1134731769561768,0.0005682074650213437,7.883868556927391e-05
sensibilidade_magnitude_s00,gpt2,wikitext-2-raw-v1,magnitude,sensibilidade,0.0,0.0,0,0,0.5,0.5,0.0000;0.0000;0.0000;0.0000;0.0000;0.0000;0.0000;0.0000;0.0000;0.0000;0.0000;0.0000,25.170412063598633,124439808,124439808,474.7001953125,126575443968.0,45.64453887939453,0.7576237320899963,0.0015290159448635885,0.0002121506927104145
sensibilidade_magnitude_s10,gpt2,wikitext-2-raw-v1,magnitude,sensibilidade,0.1,0.09999991051944686,0,0,0.5,0.5,0.0425;0.1427;0.0871;0.1275;0.0590;0.0736;0.0978;0.1198;0.1132;0.1074;0.1147;0.1147,25.44046974182129,124439808,115946350,474.7001953125,126575443968.0,47.20895004272461,1.031234622001648,0.0014755696480485928,0.00020473502845249903
sensibilidade_magnitude_s20,gpt2,wikitext-2-raw-v1,magnitude,sensibilidade,0.2,0.19999993877646363,0,0,0.5,0.5,0.0850;0.2854;0.1741;0.2550;0.1180;0.1473;0.1957;0.2396;0.2265;0.2147;0.2294;0.2293,26.574878692626953,124439808,107452882,474.7001953125,126575443968.0,45.893959045410156,1.090006709098816,0.0014760662516984221,0.00020480393212133765
sensibilidade_magnitude_s30,gpt2,wikitext-2-raw-v1,magnitude,sensibilidade,0.3,0.29999995525972345,0,0,0.5,0.5,0.1275;0.4281;0.2612;0.3825;0.1770;0.2209;0.2935;0.3594;0.3397;0.3221;0.3440;0.3440,31.19817543029785,124439808,98959415,474.7001953125,126575443968.0,45.559974670410156,1.1364822387695312,0.0014710740097786037,0.00020411125943533634
sensibilidade_magnitude_s40,gpt2,wikitext-2-raw-v1,magnitude,sensibilidade,0.4,0.3999999128741982,0,0,0.5,0.5,0.1700;0.5708;0.3482;0.5100;0.2360;0.2946;0.3914;0.4793;0.4529;0.4294;0.4587;0.4587,57.303558349609375,124439808,90465953,474.7001953125,126575443968.0,45.83708953857422,1.1134841442108154,0.0014633621719838494,0.00020304124330128393
sensibilidade_magnitude_s50,gpt2,wikitext-2-raw-v1,magnitude,sensibilidade,0.5,0.49999994113121504,0,0,0.5,0.5,0.2125;0.7135;0.4353;0.6375;0.2950;0.3682;0.4892;0.5991;0.5662;0.5368;0.5734;0.5734,447.5660705566406,124439808,81972485,474.7001953125,126575443968.0,44.862571716308594,1.1423733234405518,0.001452369806507405,0.00020151605452991254
sensibilidade_magnitude_s60,gpt2,wikitext-2-raw-v1,magnitude,sensibilidade,0.6,0.5999999458407178,0,0,0.5,0.5,0.2550;0.8562;0.5224;0.7650;0.3540;0.4419;0.5871;0.7189;0.6794;0.6441;0.6881;0.6880,2171.79150390625,124439808,73479019,474.7001953125,126575443968.0,44.63935089111328,1.3468188047409058,0.0014427179658986075,0.00020017686334752787
sensibilidade_magnitude_s70,gpt2,wikitext-2-raw-v1,magnitude,sensibilidade,0.7,0.6999999505502207,0,0,0.5,0.5,0.2994;0.9500;0.6134;0.8984;0.4157;0.5189;0.6895;0.8442;0.7979;0.7564;0.8080;0.8080,2805.394775390625,124439808,64985553,474.7001953125,126575443968.0,43.93788528442383,1.1374702453613281,0.0014330074204596515,0.0001988295268803112
sensibilidade_magnitude_s80,gpt2,wikitext-2-raw-v1,magnitude,sensibilidade,0.8,0.7999999317122094,0,0,0.5,0.5,0.3550;0.9500;0.7272;0.9500;0.4928;0.6152;0.8173;0.9500;0.9458;0.8967;0.9500;0.9500,3715.676025390625,124439808,56492089,474.7001953125,126575443968.0,43.25650405883789,1.070876121520996,0.0014240083429512248,0.00019758090646298927
sensibilidade_magnitude_s90,gpt2,wikitext-2-raw-v1,magnitude,sensibilidade,0.9,0.8999999246479552,0,0,0.5,0.5,0.5459;0.9500;0.9500;0.9500;0.7579;0.9461;0.9500;0.9500;0.9500;0.9500;0.9500;0.9500,7616.63037109375,124439808,47998624,474.7001953125,126575443968.0,42.942161560058594,1.1913142204284668,0.0014201303122787282,0.00019704283039106461
sensibilidade_estruturada_s00,gpt2,wikitext-2-raw-v1,estruturada,sensibilidade,0.0,0.0,0,0,0.5,0.5,0.0000;0.0000;0.0000;0.0000;0.0000;0.0000;0.0000;0.0000;0.0000;0.0000;0.0000;0.0000,25.170412063598633,124439808,124439808,474.7001953125,126575443968.0,46.181739807128906,1.0883842706680298,0.001478731079123178,0.00020517367645658463
sensibilidade_estruturada_s10,gpt2,wikitext-2-raw-v1,estruturada,sensibilidade,0.1,0.08967743149653717,10,3680,0.5,0.5,0.0209;0.1359;0.1006;0.0976;0.0894;0.1017;0.1123;0.1218;0.1194;0.1367;0.1125;0.0513,215.8267364501953,116815648,116815648,445.6163330078125,118774038528.0,43.948516845703125,1.1675689220428467,0.0014403344321561908,0.00019984614846109975
sensibilidade_estruturada_s20,gpt2,wikitext-2-raw-v1,estruturada,sensibilidade,0.2,0.18644393631436318,23,7368,0.5,0.5,0.0417;0.2719;0.2011;0.1952;0.1788;0.2034;0.2246;0.2436;0.2387;0.2734;0.2250;0.1026,717.1862182617188,108588792,108588792,414.2333679199219,110356070400.0,40.56431198120117,1.0990891456604004,0.0013309883739373617,0.00018467440216623197
sensibilidade_estruturada_s30,gpt2,wikitext-2-raw-v1,estruturada,sensibilidade,0.3,0.28547102011818726,37,11053,0.5,0.5,0.0626;0.4078;0.3017;0.2928;0.2682;0.3051;0.3370;0.3654;0.3581;0.4100;0.3375;0.1539,923.650146484375,100169747,100169747,382.11725997924805,101741494272.0,38.054115295410156,1.0682687759399414,0.0012235434802184532,0.000169766442110461
sensibilidade_estruturada_s40,gpt2,wikitext-2-raw-v1,estruturada,sensibilidade,0.4,0.3845342611412226,51,14740,0.5,0.5,0.0835;0.5437;0.4022;0.3904;0.3576;0.4067;0.4493;0.4872;0.4774;0.5467;0.4501;0.2051,9489.8681640625,91747628,91747628,349.9894256591797,93123772416.0,34.41276550292969,0.846903383731842,0.0011165544229754228,0.00015492172928533208
sensibilidade_estruturada_s50,gpt2,wikitext-2-raw-v1,estruturada,sensibilidade,0.5,0.49052386799909664,68,18426,0.5,0.5,0.1043;0.6797;0.5028;0.4880;0.4470;0.5084;0.5616;0.6090;0.5968;0.6834;0.5626;0.2564,7922.81494140625,82736646,82736646,315.6152572631836,83903643648.0,30.533910751342773,0.5545453429222107,0.0009890671051383873,0.000137232886417619
sensibilidade_estruturada_s60,gpt2,wikitext-2-raw-v1,estruturada,sensibilidade,0.6,0.5872903728169225,81,22114,0.5,0.5,0.1252;0.8156;0.6033;0.5857;0.5364;0.6101;0.6739;0.7308;0.7162;0.8201;0.6751;0.3077,12322.0498046875,74509790,74509790,284.23229217529297,75485675520.0,27.493976593017578,0.9069432020187378,0.0008803637408843392,0.0001221503137970266
sensibilidade_estruturada_s70,gpt2,wikitext-2-raw-v1,estruturada,sensibilidade,0.7,0.6886322714355616,96,25799,0.5,0.5,0.1462;0.9500;0.7048;0.6841;0.6266;0.7127;0.7872;0.8537;0.8366;0.9500;0.7886;0.3594,103463.6015625,65893945,65893945,251.36545181274414,66669772800.0,24.319032669067383,1.0284768342971802,0.0007857397501419247,0.00010902125176829932
sensibilidade_estruturada_s80,gpt2,wikitext-2-raw-v1,estruturada,sensibilidade,0.8,0.7899741700542006,111,29484,0.5,0.5,0.1764;0.9500;0.8501;0.8252;0.7557;0.8596;0.9495;0.9500;0.9500;0.9500;0.9500;0.4335,203995.84375,57278100,57278100,218.4986114501953,57853870080.0,20.838153839111328,1.0241146087646484,0.0006660698241478145,9.241707064020813e-05
sensibilidade_estruturada_s90,gpt2,wikitext-2-raw-v1,estruturada,sensibilidade,0.9,0.8890554896868413,125,33172,0.5,0.5,0.3759;0.9500;0.9500;0.9500;0.9500;0.9500;0.9500;0.9500;0.9500;0.9500;0.9500;0.9241,4830.23681640625,48854444,48854444,186.3649139404297,49234575360.0,19.634307861328125,0.5844886898994446,0.0005685092598077836,7.888055954267142e-05
